"id_societe","nom_societe","id_devis","nom_devis","id_client","nom_client","rue_adresse_client","rue2_adresse_client","ville_client","code_postal_client","id_etat_client","etat_client","id_pays_client","pays_client","id_commercial","nom_commercial","id_type_prestation","nom_type_prestation","id_produit","code_produit","nom_produit","description_ligne_devis","id_categorie_produit","nom_categorie_produit","code_status_devis","libelle_status_devis","date_creation","date_validation","montant_ht","montant_ttc"
1,"IT4Logs",104,"S00104",15,"Lumber Inc","1337 N San Joaquin St",NULL,"Stockton","95202",13,"California",233,"{""en_US"": ""United States"", ""fr_FR"": ""États-Unis""}",52,"Malika",30,"Licence annuelle",40,"LA-3","Licence annuelle","[LA-3] Licence annuelle",10,"All / Saleable / license","BRO","Brouillon","2025-04-12 22:09:11.33195","2025-04-12 22:09:11","15000.00","18000.00"
1,"IT4Logs",103,"S00103",15,"Lumber Inc","1337 N San Joaquin St",NULL,"Stockton","95202",13,"California",233,"{""en_US"": ""United States"", ""fr_FR"": ""États-Unis""}",52,"Malika",31,"Déploiement logiciel",41,"DPL-1","Déploiement logiciel","ingenieur infra-1",5,"Services","BRO","Brouillon","2025-04-12 22:08:17.392593","2025-04-12 22:08:17","1600.00","1920.00"
1,"IT4Logs",103,"S00103",15,"Lumber Inc","1337 N San Joaquin St",NULL,"Stockton","95202",13,"California",233,"{""en_US"": ""United States"", ""fr_FR"": ""États-Unis""}",52,"Malika",31,"Déploiement logiciel",41,"DPL-1","Déploiement logiciel","ingenieur infra-3",5,"Services","BRO","Brouillon","2025-04-12 22:08:17.392593","2025-04-12 22:08:17","4000.00","4800.00"
1,"IT4Logs",103,"S00103",15,"Lumber Inc","1337 N San Joaquin St",NULL,"Stockton","95202",13,"California",233,"{""en_US"": ""United States"", ""fr_FR"": ""États-Unis""}",52,"Malika",31,"Déploiement logiciel",41,"DPL-1","Déploiement logiciel","ingenieur infra-2",5,"Services","BRO","Brouillon","2025-04-12 22:08:17.392593","2025-04-12 22:08:17","2400.00","2880.00"
1,"IT4Logs",102,"S00102",15,"Lumber Inc","1337 N San Joaquin St",NULL,"Stockton","95202",13,"California",233,"{""en_US"": ""United States"", ""fr_FR"": ""États-Unis""}",52,"Malika",33,"Reprise de donnée",43,"RDD-2","Reprise de donnée","consultant technico-fonctionnel-2",5,"Services","BRO","Brouillon","2025-04-12 22:07:28.220025","2025-04-12 22:07:28","20000.00","24000.00"
1,"IT4Logs",102,"S00102",15,"Lumber Inc","1337 N San Joaquin St",NULL,"Stockton","95202",13,"California",233,"{""en_US"": ""United States"", ""fr_FR"": ""États-Unis""}",52,"Malika",33,"Reprise de donnée",43,"RDD-2","Reprise de donnée","consultant technico-fonctionnel-4",5,"Services","BRO","Brouillon","2025-04-12 22:07:28.220025","2025-04-12 22:07:28","28000.00","33600.00"
1,"IT4Logs",102,"S00102",15,"Lumber Inc","1337 N San Joaquin St",NULL,"Stockton","95202",13,"California",233,"{""en_US"": ""United States"", ""fr_FR"": ""États-Unis""}",52,"Malika",33,"Reprise de donnée",43,"RDD-2","Reprise de donnée","consultant technico-fonctionnel-3",5,"Services","BRO","Brouillon","2025-04-12 22:07:28.220025","2025-04-12 22:07:28","24000.00","28800.00"
1,"IT4Logs",102,"S00102",15,"Lumber Inc","1337 N San Joaquin St",NULL,"Stockton","95202",13,"California",233,"{""en_US"": ""United States"", ""fr_FR"": ""États-Unis""}",52,"Malika",33,"Reprise de donnée",43,"RDD-2","Reprise de donnée","consultant technico-fonctionnel-1",5,"Services","BRO","Brouillon","2025-04-12 22:07:28.220025","2025-04-12 22:07:28","16000.00","19200.00"
1,"IT4Logs",102,"S00102",15,"Lumber Inc","1337 N San Joaquin St",NULL,"Stockton","95202",13,"California",233,"{""en_US"": ""United States"", ""fr_FR"": ""États-Unis""}",52,"Malika",33,"Reprise de donnée",43,"RDD-2","Reprise de donnée","consultant technico-fonctionnel-5",5,"Services","BRO","Brouillon","2025-04-12 22:07:28.220025","2025-04-12 22:07:28","32000.00","38400.00"
1,"IT4Logs",101,"S00101",15,"Lumber Inc","1337 N San Joaquin St",NULL,"Stockton","95202",13,"California",233,"{""en_US"": ""United States"", ""fr_FR"": ""États-Unis""}",52,"Malika",34,"Développement spécifique",44,"DP-5","Développement spécifique","Dev-3",10,"All / Saleable / license","BRO","Brouillon","2025-04-12 22:06:40.599071","2025-04-12 22:06:40","54000.00","64800.00"
1,"IT4Logs",101,"S00101",15,"Lumber Inc","1337 N San Joaquin St",NULL,"Stockton","95202",13,"California",233,"{""en_US"": ""United States"", ""fr_FR"": ""États-Unis""}",52,"Malika",34,"Développement spécifique",44,"DP-5","Développement spécifique","Dev-1",10,"All / Saleable / license","BRO","Brouillon","2025-04-12 22:06:40.599071","2025-04-12 22:06:40","31500.00","37800.00"
1,"IT4Logs",101,"S00101",15,"Lumber Inc","1337 N San Joaquin St",NULL,"Stockton","95202",13,"California",233,"{""en_US"": ""United States"", ""fr_FR"": ""États-Unis""}",52,"Malika",34,"Développement spécifique",44,"DP-5","Développement spécifique","Dev-2",10,"All / Saleable / license","BRO","Brouillon","2025-04-12 22:06:40.599071","2025-04-12 22:06:40","40500.00","48600.00"
1,"IT4Logs",100,"S00100",12,"Ready Mat","7500 W Linne Road",NULL,"Tracy","95304",13,"California",233,"{""en_US"": ""United States"", ""fr_FR"": ""États-Unis""}",52,"Malika",30,"Licence annuelle",40,"LA-3","Licence annuelle","[LA-3] Licence annuelle",10,"All / Saleable / license","BRO","Brouillon","2025-04-12 22:05:54.223461","2025-04-12 22:05:54","50.00","60.00"
1,"IT4Logs",99,"S00099",10,"Deco Addict","77 Santa Barbara Rd",NULL,"Pleasant Hill","94523",13,"California",233,"{""en_US"": ""United States"", ""fr_FR"": ""États-Unis""}",52,"Malika",31,"Déploiement logiciel",41,"DPL-1","Déploiement logiciel","ingenieur infra-1",5,"Services","BRO","Brouillon","2025-04-12 22:05:06.709043","2025-04-12 22:05:06","600.00","720.00"
1,"IT4Logs",98,"S00098",10,"Deco Addict","77 Santa Barbara Rd",NULL,"Pleasant Hill","94523",13,"California",233,"{""en_US"": ""United States"", ""fr_FR"": ""États-Unis""}",52,"Malika",30,"Licence annuelle",40,"LA-3","Licence annuelle","[LA-3] Licence annuelle",10,"All / Saleable / license","BRO","Brouillon","2025-04-12 22:04:28.354286","2025-04-12 22:04:28","50.00","60.00"
1,"IT4Logs",97,"S00097",10,"Deco Addict","77 Santa Barbara Rd",NULL,"Pleasant Hill","94523",13,"California",233,"{""en_US"": ""United States"", ""fr_FR"": ""États-Unis""}",52,"Malika",32,"Coordination & gestion intégration",42,"CGI-6","Coordination & gestion intégration","Chef de projet-1",5,"Services","BRO","Brouillon","2025-04-12 22:03:25.516103","2025-04-12 22:03:25","4200.00","5040.00"
1,"IT4Logs",96,"S00096",9,"Wood Corner","1839 Arbor Way",NULL,"Turlock","95380",13,"California",233,"{""en_US"": ""United States"", ""fr_FR"": ""États-Unis""}",52,"Malika",35,"Parametrage logiciel",45,"PL-4","Parametrage logiciel","consultant fonctionnel-1",5,"Services","BRO","Brouillon","2025-04-12 22:03:12.228282","2025-04-12 21:58:53","22500.00","27000.00"
1,"IT4Logs",96,"S00096",9,"Wood Corner","1839 Arbor Way",NULL,"Turlock","95380",13,"California",233,"{""en_US"": ""United States"", ""fr_FR"": ""États-Unis""}",52,"Malika",35,"Parametrage logiciel",45,"PL-4","Parametrage logiciel","consultant fonctionnel-6",5,"Services","BRO","Brouillon","2025-04-12 22:03:12.228282","2025-04-12 21:58:53","56250.00","67500.00"
1,"IT4Logs",96,"S00096",9,"Wood Corner","1839 Arbor Way",NULL,"Turlock","95380",13,"California",233,"{""en_US"": ""United States"", ""fr_FR"": ""États-Unis""}",52,"Malika",35,"Parametrage logiciel",45,"PL-4","Parametrage logiciel","consultant fonctionnel-4",5,"Services","BRO","Brouillon","2025-04-12 22:03:12.228282","2025-04-12 21:58:53","37500.00","45000.00"
1,"IT4Logs",96,"S00096",9,"Wood Corner","1839 Arbor Way",NULL,"Turlock","95380",13,"California",233,"{""en_US"": ""United States"", ""fr_FR"": ""États-Unis""}",52,"Malika",35,"Parametrage logiciel",45,"PL-4","Parametrage logiciel","consultant fonctionnel-3",5,"Services","BRO","Brouillon","2025-04-12 22:03:12.228282","2025-04-12 21:58:53","30000.00","36000.00"
1,"IT4Logs",96,"S00096",9,"Wood Corner","1839 Arbor Way",NULL,"Turlock","95380",13,"California",233,"{""en_US"": ""United States"", ""fr_FR"": ""États-Unis""}",52,"Malika",35,"Parametrage logiciel",45,"PL-4","Parametrage logiciel","consultant fonctionnel-2",5,"Services","BRO","Brouillon","2025-04-12 22:03:12.228282","2025-04-12 21:58:53","26250.00","31500.00"
1,"IT4Logs",96,"S00096",9,"Wood Corner","1839 Arbor Way",NULL,"Turlock","95380",13,"California",233,"{""en_US"": ""United States"", ""fr_FR"": ""États-Unis""}",52,"Malika",35,"Parametrage logiciel",45,"PL-4","Parametrage logiciel","consultant fonctionnel-5",5,"Services","BRO","Brouillon","2025-04-12 22:03:12.228282","2025-04-12 21:58:53","41250.00","49500.00"
1,"IT4Logs",95,"S00095",9,"Wood Corner","1839 Arbor Way",NULL,"Turlock","95380",13,"California",233,"{""en_US"": ""United States"", ""fr_FR"": ""États-Unis""}",52,"Malika",32,"Coordination & gestion intégration",42,"CGI-6","Coordination & gestion intégration","Chef de projet ",5,"Services","BRO","Brouillon","2025-04-12 21:58:52.47574","2025-04-12 21:57:46","30000.00","36000.00"
1,"IT4Logs",94,"S00094",9,"Wood Corner","1839 Arbor Way",NULL,"Turlock","95380",13,"California",233,"{""en_US"": ""United States"", ""fr_FR"": ""États-Unis""}",52,"Malika",31,"Déploiement logiciel",41,"DPL-1","Déploiement logiciel","ingénieur infra-1",5,"Services","BRO","Brouillon","2025-04-12 21:57:43.718799","2025-04-12 21:55:42","1600.00","1920.00"
1,"IT4Logs",94,"S00094",9,"Wood Corner","1839 Arbor Way",NULL,"Turlock","95380",13,"California",233,"{""en_US"": ""United States"", ""fr_FR"": ""États-Unis""}",52,"Malika",31,"Déploiement logiciel",41,"DPL-1","Déploiement logiciel","ingénieur infra-2",5,"Services","BRO","Brouillon","2025-04-12 21:57:43.718799","2025-04-12 21:55:42","1600.00","1920.00"
1,"IT4Logs",94,"S00094",9,"Wood Corner","1839 Arbor Way",NULL,"Turlock","95380",13,"California",233,"{""en_US"": ""United States"", ""fr_FR"": ""États-Unis""}",52,"Malika",31,"Déploiement logiciel",41,"DPL-1","Déploiement logiciel","ingénieur infra-3",5,"Services","BRO","Brouillon","2025-04-12 21:57:43.718799","2025-04-12 21:55:42","1600.00","1920.00"
1,"IT4Logs",93,"S00093",9,"Wood Corner","1839 Arbor Way",NULL,"Turlock","95380",13,"California",233,"{""en_US"": ""United States"", ""fr_FR"": ""États-Unis""}",52,"Malika",30,"Licence annuelle",40,"LA-3","Licence annuelle","[LA-3] Licence annuelle",10,"All / Saleable / license","BRO","Brouillon","2025-04-12 21:54:47.367082","2025-04-12 21:54:01","9000.00","10800.00"
1,"IT4Logs",81,"S00081",41,"FR Company","Rue Abbé Huet",NULL,"Rennes","35043",NULL,NULL,75,"{""en_US"": ""France"", ""fr_FR"": ""France""}",52,"Malika",30,"Licence annuelle",40,"LA-3","Licence annuelle","[LA-3] Licence annuelle",10,"All / Saleable / license","BRO","Brouillon","2025-04-12 21:26:41.529851","2025-04-12 21:26:41","500.00","600.00"
1,"IT4Logs",79,"S00079",25,"Edith Sanchez","7500 W Linne Road",NULL,"Tracy","95304",13,"California",233,"{""en_US"": ""United States"", ""fr_FR"": ""États-Unis""}",52,"Malika",33,"Reprise de donnée",43,"RDD-2","Reprise de donnée","consultant technico-Fonctionnel 1",5,"Services","BRO","Brouillon","2025-04-12 21:16:53.586488","2025-04-12 21:16:53","6500.00","7800.00"
1,"IT4Logs",79,"S00079",25,"Edith Sanchez","7500 W Linne Road",NULL,"Tracy","95304",13,"California",233,"{""en_US"": ""United States"", ""fr_FR"": ""États-Unis""}",52,"Malika",33,"Reprise de donnée",43,"RDD-2","Reprise de donnée","	
consultant technico-Fonctionnel 3",5,"Services","BRO","Brouillon","2025-04-12 21:16:53.586488","2025-04-12 21:16:53","9750.00","11700.00"
1,"IT4Logs",79,"S00079",25,"Edith Sanchez","7500 W Linne Road",NULL,"Tracy","95304",13,"California",233,"{""en_US"": ""United States"", ""fr_FR"": ""États-Unis""}",52,"Malika",33,"Reprise de donnée",43,"RDD-2","Reprise de donnée","
consultant technico-Fonctionnel 2
",5,"Services","BRO","Brouillon","2025-04-12 21:16:53.586488","2025-04-12 21:16:53","7800.00","9360.00"
1,"IT4Logs",78,"S00078",11,"Gemini Furniture","317 Fairchild Dr",NULL,"Fairfield","94535",13,"California",233,"{""en_US"": ""United States"", ""fr_FR"": ""États-Unis""}",52,"Malika",31,"Déploiement logiciel",41,"DPL-1","Déploiement logiciel","Ingénieur_infra -1",5,"Services","BRO","Brouillon","2025-04-12 21:07:26.815765","2025-04-12 21:10:20","2100.00","2520.00"
1,"IT4Logs",78,"S00078",11,"Gemini Furniture","317 Fairchild Dr",NULL,"Fairfield","94535",13,"California",233,"{""en_US"": ""United States"", ""fr_FR"": ""États-Unis""}",52,"Malika",31,"Déploiement logiciel",41,"DPL-1","Déploiement logiciel","Ingenieur_infra-2",5,"Services","BRO","Brouillon","2025-04-12 21:07:26.815765","2025-04-12 21:10:20","1400.00","1680.00"
1,"IT4Logs",77,"S00077",11,"Gemini Furniture","317 Fairchild Dr",NULL,"Fairfield","94535",13,"California",233,"{""en_US"": ""United States"", ""fr_FR"": ""États-Unis""}",52,"Malika",30,"Licence annuelle",40,"LA-3","Licence annuelle","[LA-3] Licence annuelle",10,"All / Saleable / license","BRO","Brouillon","2025-04-12 21:04:21.525518","2025-04-12 21:04:21","2000.00","2400.00"
1,"IT4Logs",76,"S00076",13,"The Jackson Group","1611 Peony Dr",NULL,"Tracy","95377",13,"California",233,"{""en_US"": ""United States"", ""fr_FR"": ""États-Unis""}",42,"Moïse",33,"Reprise de donnée",43,"RDD-2","Reprise de donnée","[RDD-2] Reprise de donnée SysIPHE-2",5,"Services","BRO","Brouillon","2025-04-09 22:00:06.131582","2025-04-09 22:00:06","17600.00","21120.00"
1,"IT4Logs",75,"S00075",13,"The Jackson Group","1611 Peony Dr",NULL,"Tracy","95377",13,"California",233,"{""en_US"": ""United States"", ""fr_FR"": ""États-Unis""}",42,"Moïse",33,"Reprise de donnée",43,"RDD-2","Reprise de donnée","[RDD-2] Reprise de donnée EchoSovereign-4",5,"Services","BRO","Brouillon","2025-04-09 22:00:06.131582","2025-04-09 22:00:06","30400.00","36480.00"
1,"IT4Logs",75,"S00075",13,"The Jackson Group","1611 Peony Dr",NULL,"Tracy","95377",13,"California",233,"{""en_US"": ""United States"", ""fr_FR"": ""États-Unis""}",42,"Moïse",33,"Reprise de donnée",43,"RDD-2","Reprise de donnée","[RDD-2] Reprise de donnée EchoSovereign-5",5,"Services","BRO","Brouillon","2025-04-09 22:00:06.131582","2025-04-09 22:00:06","24000.00","28800.00"
1,"IT4Logs",76,"S00076",13,"The Jackson Group","1611 Peony Dr",NULL,"Tracy","95377",13,"California",233,"{""en_US"": ""United States"", ""fr_FR"": ""États-Unis""}",42,"Moïse",33,"Reprise de donnée",43,"RDD-2","Reprise de donnée","[RDD-2] Reprise de donnée SysIPHE-5",5,"Services","BRO","Brouillon","2025-04-09 22:00:06.131582","2025-04-09 22:00:06","24800.00","24800.00"
1,"IT4Logs",76,"S00076",13,"The Jackson Group","1611 Peony Dr",NULL,"Tracy","95377",13,"California",233,"{""en_US"": ""United States"", ""fr_FR"": ""États-Unis""}",42,"Moïse",33,"Reprise de donnée",43,"RDD-2","Reprise de donnée","[RDD-2] Reprise de donnée SysIPHE-4",5,"Services","BRO","Brouillon","2025-04-09 22:00:06.131582","2025-04-09 22:00:06","16800.00","16800.00"
1,"IT4Logs",74,"S00074",13,"The Jackson Group","1611 Peony Dr",NULL,"Tracy","95377",13,"California",233,"{""en_US"": ""United States"", ""fr_FR"": ""États-Unis""}",42,"Moïse",31,"Déploiement logiciel",41,"DPL-1","Déploiement logiciel","[DPL-1] Déploiement logiciel EchoSovereign-3",5,"Services","BRO","Brouillon","2025-04-09 22:00:06.131582","2025-04-09 22:00:06","4000.00","4800.00"
1,"IT4Logs",73,"S00073",13,"The Jackson Group","1611 Peony Dr",NULL,"Tracy","95377",13,"California",233,"{""en_US"": ""United States"", ""fr_FR"": ""États-Unis""}",42,"Moïse",31,"Déploiement logiciel",41,"DPL-1","Déploiement logiciel","[DPL-1] Déploiement logiciel SysIPHE-3",5,"Services","BRO","Brouillon","2025-04-09 22:00:06.131582","2025-04-09 22:00:06","2400.00","2880.00"
1,"IT4Logs",74,"S00074",13,"The Jackson Group","1611 Peony Dr",NULL,"Tracy","95377",13,"California",233,"{""en_US"": ""United States"", ""fr_FR"": ""États-Unis""}",42,"Moïse",31,"Déploiement logiciel",41,"DPL-1","Déploiement logiciel","[DPL-1] Déploiement logiciel EchoSovereign-2",5,"Services","BRO","Brouillon","2025-04-09 22:00:06.131582","2025-04-09 22:00:06","2400.00","2880.00"
1,"IT4Logs",74,"S00074",13,"The Jackson Group","1611 Peony Dr",NULL,"Tracy","95377",13,"California",233,"{""en_US"": ""United States"", ""fr_FR"": ""États-Unis""}",42,"Moïse",31,"Déploiement logiciel",41,"DPL-1","Déploiement logiciel","[DPL-1] Déploiement logiciel EchoSovereign-1",5,"Services","BRO","Brouillon","2025-04-09 22:00:06.131582","2025-04-09 22:00:06","2400.00","2880.00"
1,"IT4Logs",73,"S00073",13,"The Jackson Group","1611 Peony Dr",NULL,"Tracy","95377",13,"California",233,"{""en_US"": ""United States"", ""fr_FR"": ""États-Unis""}",42,"Moïse",31,"Déploiement logiciel",41,"DPL-1","Déploiement logiciel","[DPL-1] Déploiement logiciel SysIPHE-2",5,"Services","BRO","Brouillon","2025-04-09 22:00:06.131582","2025-04-09 22:00:06","4000.00","4800.00"
1,"IT4Logs",75,"S00075",13,"The Jackson Group","1611 Peony Dr",NULL,"Tracy","95377",13,"California",233,"{""en_US"": ""United States"", ""fr_FR"": ""États-Unis""}",42,"Moïse",33,"Reprise de donnée",43,"RDD-2","Reprise de donnée","[RDD-2] Reprise de donnée EchoSovereign-2",5,"Services","BRO","Brouillon","2025-04-09 22:00:06.131582","2025-04-09 22:00:06","19200.00","23040.00"
1,"IT4Logs",75,"S00075",13,"The Jackson Group","1611 Peony Dr",NULL,"Tracy","95377",13,"California",233,"{""en_US"": ""United States"", ""fr_FR"": ""États-Unis""}",42,"Moïse",33,"Reprise de donnée",43,"RDD-2","Reprise de donnée","[RDD-2] Reprise de donnée EchoSovereign-1",5,"Services","BRO","Brouillon","2025-04-09 22:00:06.131582","2025-04-09 22:00:06","27200.00","32640.00"
1,"IT4Logs",75,"S00075",13,"The Jackson Group","1611 Peony Dr",NULL,"Tracy","95377",13,"California",233,"{""en_US"": ""United States"", ""fr_FR"": ""États-Unis""}",42,"Moïse",33,"Reprise de donnée",43,"RDD-2","Reprise de donnée","[RDD-2] Reprise de donnée EchoSovereign-3",5,"Services","BRO","Brouillon","2025-04-09 22:00:06.131582","2025-04-09 22:00:06","20800.00","24960.00"
1,"IT4Logs",76,"S00076",13,"The Jackson Group","1611 Peony Dr",NULL,"Tracy","95377",13,"California",233,"{""en_US"": ""United States"", ""fr_FR"": ""États-Unis""}",42,"Moïse",33,"Reprise de donnée",43,"RDD-2","Reprise de donnée","[RDD-2] Reprise de donnée SysIPHE-3",5,"Services","BRO","Brouillon","2025-04-09 22:00:06.131582","2025-04-09 22:00:06","19200.00","23040.00"
1,"IT4Logs",76,"S00076",13,"The Jackson Group","1611 Peony Dr",NULL,"Tracy","95377",13,"California",233,"{""en_US"": ""United States"", ""fr_FR"": ""États-Unis""}",42,"Moïse",33,"Reprise de donnée",43,"RDD-2","Reprise de donnée","[RDD-2] Reprise de donnée SysIPHE-1",5,"Services","BRO","Brouillon","2025-04-09 22:00:06.131582","2025-04-09 22:00:06","26400.00","31680.00"
1,"IT4Logs",73,"S00073",13,"The Jackson Group","1611 Peony Dr",NULL,"Tracy","95377",13,"California",233,"{""en_US"": ""United States"", ""fr_FR"": ""États-Unis""}",42,"Moïse",31,"Déploiement logiciel",41,"DPL-1","Déploiement logiciel","[DPL-1] Déploiement logiciel SysIPHE-1",5,"Services","BRO","Brouillon","2025-04-09 22:00:06.131582","2025-04-09 22:00:06","1600.00","1920.00"
1,"IT4Logs",72,"S00072",13,"The Jackson Group","1611 Peony Dr",NULL,"Tracy","95377",13,"California",233,"{""en_US"": ""United States"", ""fr_FR"": ""États-Unis""}",42,"Moïse",30,"Licence annuelle",40,"LA-3","Licence annuelle","[LA-3] Licence EchoSovereign
",10,"All / Saleable / license","BRO","Brouillon","2025-04-09 22:00:06.131582","2025-04-09 22:00:06","600.00","720.00"
1,"IT4Logs",71,"S00071",13,"The Jackson Group","1611 Peony Dr",NULL,"Tracy","95377",13,"California",233,"{""en_US"": ""United States"", ""fr_FR"": ""États-Unis""}",42,"Moïse",30,"Licence annuelle",40,"LA-3","Licence annuelle","[LA-3] Licence annuelle Licence SysIPHE",10,"All / Saleable / license","BRO","Brouillon","2025-04-09 22:00:06.131582","2025-04-09 22:00:06","40.00","48.00"
1,"IT4Logs",70,"S00070",10,"Deco Addict","77 Santa Barbara Rd",NULL,"Pleasant Hill","94523",13,"California",233,"{""en_US"": ""United States"", ""fr_FR"": ""États-Unis""}",46,"Olympia",31,"Déploiement logiciel",41,"DPL-1","Déploiement logiciel","[DPL-1] Déploiement logiciel",5,"Services","BRO","Brouillon","2025-04-02 08:49:29.219708","2025-04-02 08:49:29","600.00","720.00"
1,"IT4Logs",69,"S00069",11,"Gemini Furniture","317 Fairchild Dr",NULL,"Fairfield","94535",13,"California",233,"{""en_US"": ""United States"", ""fr_FR"": ""États-Unis""}",46,"Olympia",35,"Parametrage logiciel",45,"PL-4","Parametrage logiciel","[PL-4] Parametrage logiciel",5,"Services","BRO","Brouillon","2025-04-02 08:48:59.051099","2025-04-02 08:48:59","52000.00","62400.00"
1,"IT4Logs",69,"S00069",11,"Gemini Furniture","317 Fairchild Dr",NULL,"Fairfield","94535",13,"California",233,"{""en_US"": ""United States"", ""fr_FR"": ""États-Unis""}",46,"Olympia",35,"Parametrage logiciel",45,"PL-4","Parametrage logiciel","[PL-4] Parametrage logiciel",5,"Services","BRO","Brouillon","2025-04-02 08:48:59.051099","2025-04-02 08:48:59","50250.00","60300.00"
1,"IT4Logs",69,"S00069",11,"Gemini Furniture","317 Fairchild Dr",NULL,"Fairfield","94535",13,"California",233,"{""en_US"": ""United States"", ""fr_FR"": ""États-Unis""}",46,"Olympia",35,"Parametrage logiciel",45,"PL-4","Parametrage logiciel","[PL-4] Parametrage logiciel",5,"Services","BRO","Brouillon","2025-04-02 08:48:59.051099","2025-04-02 08:48:59","52000.00","62400.00"
1,"IT4Logs",69,"S00069",11,"Gemini Furniture","317 Fairchild Dr",NULL,"Fairfield","94535",13,"California",233,"{""en_US"": ""United States"", ""fr_FR"": ""États-Unis""}",46,"Olympia",35,"Parametrage logiciel",45,"PL-4","Parametrage logiciel","[PL-4] Parametrage logiciel",5,"Services","BRO","Brouillon","2025-04-02 08:48:59.051099","2025-04-02 08:48:59","51000.00","61200.00"
1,"IT4Logs",69,"S00069",11,"Gemini Furniture","317 Fairchild Dr",NULL,"Fairfield","94535",13,"California",233,"{""en_US"": ""United States"", ""fr_FR"": ""États-Unis""}",46,"Olympia",35,"Parametrage logiciel",45,"PL-4","Parametrage logiciel","[PL-4] Parametrage logiciel",5,"Services","BRO","Brouillon","2025-04-02 08:48:59.051099","2025-04-02 08:48:59","52800.00","63360.00"
1,"IT4Logs",69,"S00069",11,"Gemini Furniture","317 Fairchild Dr",NULL,"Fairfield","94535",13,"California",233,"{""en_US"": ""United States"", ""fr_FR"": ""États-Unis""}",46,"Olympia",35,"Parametrage logiciel",45,"PL-4","Parametrage logiciel","[PL-4] Parametrage logiciel",5,"Services","BRO","Brouillon","2025-04-02 08:48:59.051099","2025-04-02 08:48:59","52000.00","62400.00"
1,"IT4Logs",68,"S00068",27,"Nicole Ford","4557 De Silva St",NULL,"Fremont","94538",13,"California",233,"{""en_US"": ""United States"", ""fr_FR"": ""États-Unis""}",46,"Olympia",35,"Parametrage logiciel",45,"PL-4","Parametrage logiciel","[PL-4] Parametrage logiciel",5,"Services","BRO","Brouillon","2025-04-02 08:47:01.860175","2025-04-02 08:47:02","7150.00","7150.00"
1,"IT4Logs",68,"S00068",27,"Nicole Ford","4557 De Silva St",NULL,"Fremont","94538",13,"California",233,"{""en_US"": ""United States"", ""fr_FR"": ""États-Unis""}",46,"Olympia",35,"Parametrage logiciel",45,"PL-4","Parametrage logiciel","[PL-4] Parametrage logiciel",5,"Services","BRO","Brouillon","2025-04-02 08:47:01.860175","2025-04-02 08:47:02","7150.00","7150.00"
1,"IT4Logs",68,"S00068",27,"Nicole Ford","4557 De Silva St",NULL,"Fremont","94538",13,"California",233,"{""en_US"": ""United States"", ""fr_FR"": ""États-Unis""}",46,"Olympia",35,"Parametrage logiciel",45,"PL-4","Parametrage logiciel","[PL-4] Parametrage logiciel",5,"Services","BRO","Brouillon","2025-04-02 08:47:01.860175","2025-04-02 08:47:02","7150.00","7150.00"
1,"IT4Logs",67,"S00067",14,"Azure Interior","4557 De Silva St",NULL,"Fremont","94538",13,"California",233,"{""en_US"": ""United States"", ""fr_FR"": ""États-Unis""}",46,"Olympia",34,"Développement spécifique",44,"DP-5","Développement spécifique","[DP-5] Développement spécifique",10,"All / Saleable / license","BRO","Brouillon","2025-04-02 08:45:38.742781","2025-04-02 08:45:45","49500.00","59400.00"
1,"IT4Logs",67,"S00067",14,"Azure Interior","4557 De Silva St",NULL,"Fremont","94538",13,"California",233,"{""en_US"": ""United States"", ""fr_FR"": ""États-Unis""}",46,"Olympia",34,"Développement spécifique",44,"DP-5","Développement spécifique","[DP-5] Développement spécifique",10,"All / Saleable / license","BRO","Brouillon","2025-04-02 08:45:38.742781","2025-04-02 08:45:45","41250.00","49500.00"
1,"IT4Logs",67,"S00067",14,"Azure Interior","4557 De Silva St",NULL,"Fremont","94538",13,"California",233,"{""en_US"": ""United States"", ""fr_FR"": ""États-Unis""}",46,"Olympia",34,"Développement spécifique",44,"DP-5","Développement spécifique","[DP-5] Développement spécifique",10,"All / Saleable / license","BRO","Brouillon","2025-04-02 08:45:38.742781","2025-04-02 08:45:45","49500.00","59400.00"
1,"IT4Logs",66,"S00066",26,"Brandon Freeman","4557 De Silva St",NULL,"Fremont","94538",13,"California",233,"{""en_US"": ""United States"", ""fr_FR"": ""États-Unis""}",46,"Olympia",33,"Reprise de donnée",43,"RDD-2","Reprise de donnée","[RDD-2] Reprise de donnée",5,"Services","BRO","Brouillon","2025-04-02 08:44:02.170404","2025-04-02 08:44:02","3600.00","4320.00"
1,"IT4Logs",66,"S00066",26,"Brandon Freeman","4557 De Silva St",NULL,"Fremont","94538",13,"California",233,"{""en_US"": ""United States"", ""fr_FR"": ""États-Unis""}",46,"Olympia",33,"Reprise de donnée",43,"RDD-2","Reprise de donnée","[RDD-2] Reprise de donnée",5,"Services","BRO","Brouillon","2025-04-02 08:44:02.170404","2025-04-02 08:44:02","4200.00","5040.00"
1,"IT4Logs",65,"S00065",27,"Nicole Ford","4557 De Silva St",NULL,"Fremont","94538",13,"California",233,"{""en_US"": ""United States"", ""fr_FR"": ""États-Unis""}",46,"Olympia",32,"Coordination & gestion intégration",42,"CGI-6","Coordination & gestion intégration","[CGI-6] Coordination & gestion intégration",5,"Services","BRO","Brouillon","2025-04-02 08:43:04.411096","2025-04-02 08:43:04","27000.00","32400.00"
1,"IT4Logs",65,"S00065",27,"Nicole Ford","4557 De Silva St",NULL,"Fremont","94538",13,"California",233,"{""en_US"": ""United States"", ""fr_FR"": ""États-Unis""}",46,"Olympia",32,"Coordination & gestion intégration",42,"CGI-6","Coordination & gestion intégration","[CGI-6] Coordination & gestion intégration",5,"Services","BRO","Brouillon","2025-04-02 08:43:04.411096","2025-04-02 08:43:04","15000.00","18000.00"
1,"IT4Logs",64,"S00064",50,"Crédit agricole Payment services","Ferreyros 376",NULL,"Ancón","15123",1164,"Lima",173,"{""en_US"": ""Peru"", ""fr_FR"": ""Pérou""}",46,"Olympia",31,"Déploiement logiciel",41,"DPL-1","Déploiement logiciel","[DPL-1] Déploiement logiciel",5,"Services","BRO","Brouillon","2025-04-02 08:41:34.333747","2025-04-02 08:41:34","600.00","720.00"
1,"IT4Logs",63,"S00063",27,"Nicole Ford","4557 De Silva St",NULL,"Fremont","94538",13,"California",233,"{""en_US"": ""United States"", ""fr_FR"": ""États-Unis""}",46,"Olympia",31,"Déploiement logiciel",41,"DPL-1","Déploiement logiciel","[DPL-1] Déploiement logiciel",5,"Services","BRO","Brouillon","2025-04-02 08:39:11.535794","2025-04-02 08:39:11","50.00","60.00"
1,"IT4Logs",61,"S00061",10,"Deco Addict","77 Santa Barbara Rd",NULL,"Pleasant Hill","94523",13,"California",233,"{""en_US"": ""United States"", ""fr_FR"": ""États-Unis""}",45,"Vinh",31,"Déploiement logiciel",41,"DPL-1","Déploiement logiciel","[DPL-1] Déploiement logiciel",5,"Services","BRO","Brouillon","2025-04-02 07:52:09.069546","2025-04-02 07:51:30","12000.00","14400.00"
1,"IT4Logs",60,"S00060",11,"Gemini Furniture","317 Fairchild Dr",NULL,"Fairfield","94535",13,"California",233,"{""en_US"": ""United States"", ""fr_FR"": ""États-Unis""}",45,"Vinh",34,"Développement spécifique",44,"DP-5","Développement spécifique","[DP-5] Développement spécifique - 2",10,"All / Saleable / license","BRO","Brouillon","2025-04-02 07:51:07.326229","2025-04-02 07:49:50","45000.00","54000.00"
1,"IT4Logs",60,"S00060",11,"Gemini Furniture","317 Fairchild Dr",NULL,"Fairfield","94535",13,"California",233,"{""en_US"": ""United States"", ""fr_FR"": ""États-Unis""}",45,"Vinh",34,"Développement spécifique",44,"DP-5","Développement spécifique","[DP-5] Développement spécifique - 1",10,"All / Saleable / license","BRO","Brouillon","2025-04-02 07:51:07.326229","2025-04-02 07:49:50","54000.00","64800.00"
1,"IT4Logs",59,"S00059",14,"Azure Interior","4557 De Silva St",NULL,"Fremont","94538",13,"California",233,"{""en_US"": ""United States"", ""fr_FR"": ""États-Unis""}",45,"Vinh",35,"Parametrage logiciel",45,"PL-4","Parametrage logiciel","[PL-4] Parametrage logiciel - 1",5,"Services","BRO","Brouillon","2025-04-02 07:49:42.69896","2025-04-02 07:48:55","8000.00","9600.00"
1,"IT4Logs",59,"S00059",14,"Azure Interior","4557 De Silva St",NULL,"Fremont","94538",13,"California",233,"{""en_US"": ""United States"", ""fr_FR"": ""États-Unis""}",45,"Vinh",35,"Parametrage logiciel",45,"PL-4","Parametrage logiciel","[PL-4] Parametrage logiciel - 2",5,"Services","BRO","Brouillon","2025-04-02 07:49:42.69896","2025-04-02 07:48:55","42400.00","50880.00"
1,"IT4Logs",58,"S00058",11,"Gemini Furniture","317 Fairchild Dr",NULL,"Fairfield","94535",13,"California",233,"{""en_US"": ""United States"", ""fr_FR"": ""États-Unis""}",45,"Vinh",32,"Coordination & gestion intégration",42,"CGI-6","Coordination & gestion intégration","[CGI-6] Coordination & gestion intégration",5,"Services","BRO","Brouillon","2025-04-02 07:48:41.27274","2025-04-02 07:48:05","13000.00","15600.00"
1,"IT4Logs",57,"S00057",14,"Azure Interior","4557 De Silva St",NULL,"Fremont","94538",13,"California",233,"{""en_US"": ""United States"", ""fr_FR"": ""États-Unis""}",45,"Vinh",32,"Coordination & gestion intégration",42,"CGI-6","Coordination & gestion intégration","[CGI-6] Coordination & gestion intégration",5,"Services","BRO","Brouillon","2025-04-02 07:47:57.373534","2025-04-02 07:47:10","17000.00","20400.00"
1,"IT4Logs",56,"S00056",11,"Gemini Furniture","317 Fairchild Dr",NULL,"Fairfield","94535",13,"California",233,"{""en_US"": ""United States"", ""fr_FR"": ""États-Unis""}",45,"Vinh",30,"Licence annuelle",40,"LA-3","Licence annuelle","[LA-3] Licence annuelle",10,"All / Saleable / license","BRO","Brouillon","2025-04-02 07:47:01.068165","2025-04-02 07:46:30","12900.00","15480.00"
1,"IT4Logs",55,"S00055",14,"Azure Interior","4557 De Silva St",NULL,"Fremont","94538",13,"California",233,"{""en_US"": ""United States"", ""fr_FR"": ""États-Unis""}",45,"Vinh",30,"Licence annuelle",40,"LA-3","Licence annuelle","[LA-3] Licence annuelle",10,"All / Saleable / license","BRO","Brouillon","2025-04-02 07:45:46.723745","2025-04-02 07:45:09","9000.00","10800.00"
1,"IT4Logs",54,"S00054",13,"The Jackson Group","1611 Peony Dr",NULL,"Tracy","95377",13,"California",233,"{""en_US"": ""United States"", ""fr_FR"": ""États-Unis""}",45,"Vinh",30,"Licence annuelle",40,"LA-3","Licence annuelle","[LA-3] Licence annuelle - 1",10,"All / Saleable / license","BRO","Brouillon","2025-04-02 07:45:02.496696","2025-04-02 07:44:06","3000.00","3600.00"
1,"IT4Logs",54,"S00054",13,"The Jackson Group","1611 Peony Dr",NULL,"Tracy","95377",13,"California",233,"{""en_US"": ""United States"", ""fr_FR"": ""États-Unis""}",45,"Vinh",30,"Licence annuelle",40,"LA-3","Licence annuelle","[LA-3] Licence annuelle - 2",10,"All / Saleable / license","BRO","Brouillon","2025-04-02 07:45:02.496696","2025-04-02 07:44:06","3600.00","4320.00"
1,"IT4Logs",53,"S00053",14,"Azure Interior","4557 De Silva St",NULL,"Fremont","94538",13,"California",233,"{""en_US"": ""United States"", ""fr_FR"": ""États-Unis""}",45,"Vinh",32,"Coordination & gestion intégration",42,"CGI-6","Coordination & gestion intégration","[CGI-6] Coordination & gestion intégration",5,"Services","BRO","Brouillon","2025-04-02 07:43:53.640482","2025-04-02 07:43:01","16000.00","19200.00"
1,"IT4Logs",52,"S00052",11,"Gemini Furniture","317 Fairchild Dr",NULL,"Fairfield","94535",13,"California",233,"{""en_US"": ""United States"", ""fr_FR"": ""États-Unis""}",45,"Vinh",32,"Coordination & gestion intégration",42,"CGI-6","Coordination & gestion intégration","[CGI-6] Coordination & gestion intégration",5,"Services","BRO","Brouillon","2025-04-02 07:42:49.126138","2025-04-02 07:41:51","30000.00","36000.00"
1,"IT4Logs",51,"S00051",11,"Gemini Furniture","317 Fairchild Dr",NULL,"Fairfield","94535",13,"California",233,"{""en_US"": ""United States"", ""fr_FR"": ""États-Unis""}",45,"Vinh",34,"Développement spécifique",44,"DP-5","Développement spécifique","[DP-5] Développement spécifique - Développeur full stack - 1
",10,"All / Saleable / license","BRO","Brouillon","2025-04-02 07:41:25.055238","2025-04-02 07:39:13","18000.00","21600.00"
1,"IT4Logs",51,"S00051",11,"Gemini Furniture","317 Fairchild Dr",NULL,"Fairfield","94535",13,"California",233,"{""en_US"": ""United States"", ""fr_FR"": ""États-Unis""}",45,"Vinh",34,"Développement spécifique",44,"DP-5","Développement spécifique","[DP-5] Développement spécifique - Développeur full stack - 3
",10,"All / Saleable / license","BRO","Brouillon","2025-04-02 07:41:25.055238","2025-04-02 07:39:13","54000.00","64800.00"
1,"IT4Logs",51,"S00051",11,"Gemini Furniture","317 Fairchild Dr",NULL,"Fairfield","94535",13,"California",233,"{""en_US"": ""United States"", ""fr_FR"": ""États-Unis""}",45,"Vinh",34,"Développement spécifique",44,"DP-5","Développement spécifique","[DP-5] Développement spécifique - Développeur full stack - 2
",10,"All / Saleable / license","BRO","Brouillon","2025-04-02 07:41:25.055238","2025-04-02 07:39:13","27000.00","32400.00"
1,"IT4Logs",50,"S00050",14,"Azure Interior","4557 De Silva St",NULL,"Fremont","94538",13,"California",233,"{""en_US"": ""United States"", ""fr_FR"": ""États-Unis""}",45,"Vinh",33,"Reprise de donnée",43,"RDD-2","Reprise de donnée","[RDD-2] Reprise de donnée - 1",5,"Services","BRO","Brouillon","2025-04-02 07:37:29.133183","2025-04-02 07:34:52","16000.00","19200.00"
1,"IT4Logs",50,"S00050",14,"Azure Interior","4557 De Silva St",NULL,"Fremont","94538",13,"California",233,"{""en_US"": ""United States"", ""fr_FR"": ""États-Unis""}",45,"Vinh",33,"Reprise de donnée",43,"RDD-2","Reprise de donnée","[RDD-2] Reprise de donnée - 2
",5,"Services","BRO","Brouillon","2025-04-02 07:37:29.133183","2025-04-02 07:34:52","28000.00","33600.00"
1,"IT4Logs",49,"S00049",14,"Azure Interior","4557 De Silva St",NULL,"Fremont","94538",13,"California",233,"{""en_US"": ""United States"", ""fr_FR"": ""États-Unis""}",45,"Vinh",33,"Reprise de donnée",43,"RDD-2","Reprise de donnée","[RDD-2] Reprise de donnée",5,"Services","BRO","Brouillon","2025-04-02 07:34:34.255334","2025-04-02 07:33:29","32000.00","38400.00"
1,"IT4Logs",48,"S00048",14,"Azure Interior","4557 De Silva St",NULL,"Fremont","94538",13,"California",233,"{""en_US"": ""United States"", ""fr_FR"": ""États-Unis""}",45,"Vinh",31,"Déploiement logiciel",41,"DPL-1","Déploiement logiciel","[DPL-1] Déploiement logiciel - Ingénieur infrastructure - 2",5,"Services","BRO","Brouillon","2025-04-02 07:21:39.333787","2025-04-02 07:31:45","19200.00","23040.00"
1,"IT4Logs",48,"S00048",14,"Azure Interior","4557 De Silva St",NULL,"Fremont","94538",13,"California",233,"{""en_US"": ""United States"", ""fr_FR"": ""États-Unis""}",45,"Vinh",31,"Déploiement logiciel",41,"DPL-1","Déploiement logiciel","[DPL-1] Déploiement logiciel - Ingénieur infrastructure - 1 ",5,"Services","BRO","Brouillon","2025-04-02 07:21:39.333787","2025-04-02 07:31:45","10400.00","12480.00"
1,"IT4Logs",44,"S00044",50,"Crédit agricole Payment services","Ferreyros 376",NULL,"Ancón","15123",1164,"Lima",173,"{""en_US"": ""Peru"", ""fr_FR"": ""Pérou""}",42,"Moïse",32,"Coordination & gestion intégration",42,"CGI-6","Coordination & gestion intégration","[CGI-6] Coordination & gestion intégration SysIPHE",5,"Services","BRO","Brouillon","2025-03-28 00:58:01.695821","2025-03-28 00:58:01","16150.00","19380.00"
1,"IT4Logs",43,"S00043",50,"Crédit agricole Payment services","Ferreyros 376",NULL,"Ancón","15123",1164,"Lima",173,"{""en_US"": ""Peru"", ""fr_FR"": ""Pérou""}",42,"Moïse",32,"Coordination & gestion intégration",42,"CGI-6","Coordination & gestion intégration","[CGI-6] Coordination & gestion intégration EchoSovereign",5,"Services","BRO","Brouillon","2025-03-28 00:57:52.980737","2025-03-28 00:55:54","14450.00","17340.00"
1,"IT4Logs",42,"S00042",50,"Crédit agricole Payment services","Ferreyros 376",NULL,"Ancón","15123",1164,"Lima",173,"{""en_US"": ""Peru"", ""fr_FR"": ""Pérou""}",42,"Moïse",34,"Développement spécifique",44,"DP-5","Développement spécifique","[DP-5] Développement spécifique EchoSovereign-1",10,"All / Saleable / license","BRO","Brouillon","2025-03-28 00:53:50.005395","2025-03-28 00:51:43","16800.00","20160.00"
1,"IT4Logs",42,"S00042",50,"Crédit agricole Payment services","Ferreyros 376",NULL,"Ancón","15123",1164,"Lima",173,"{""en_US"": ""Peru"", ""fr_FR"": ""Pérou""}",42,"Moïse",34,"Développement spécifique",44,"DP-5","Développement spécifique","[DP-5] Développement spécifique EchoSovereign-2",10,"All / Saleable / license","BRO","Brouillon","2025-03-28 00:53:50.005395","2025-03-28 00:51:43","18000.00","21600.00"
1,"IT4Logs",41,"S00041",50,"Crédit agricole Payment services","Ferreyros 376",NULL,"Ancón","15123",1164,"Lima",173,"{""en_US"": ""Peru"", ""fr_FR"": ""Pérou""}",42,"Moïse",35,"Parametrage logiciel",45,"PL-4","Parametrage logiciel","[PL-4] Parametrage logiciel SysIPHE-1",5,"Services","BRO","Brouillon","2025-03-28 00:49:18.941666","2025-03-28 00:49:18","30400.00","36480.00"
1,"IT4Logs",41,"S00041",50,"Crédit agricole Payment services","Ferreyros 376",NULL,"Ancón","15123",1164,"Lima",173,"{""en_US"": ""Peru"", ""fr_FR"": ""Pérou""}",42,"Moïse",35,"Parametrage logiciel",45,"PL-4","Parametrage logiciel","[PL-4] Parametrage logiciel SysIPHE-2",5,"Services","BRO","Brouillon","2025-03-28 00:49:18.941666","2025-03-28 00:49:18","41600.00","49920.00"
1,"IT4Logs",40,"S00040",50,"Crédit agricole Payment services","Ferreyros 376",NULL,"Ancón","15123",1164,"Lima",173,"{""en_US"": ""Peru"", ""fr_FR"": ""Pérou""}",42,"Moïse",35,"Parametrage logiciel",45,"PL-4","Parametrage logiciel","[PL-4] Parametrage logiciel EchoSovereign-2",5,"Services","BRO","Brouillon","2025-03-28 00:46:53.691379","2025-03-28 00:44:34","29600.00","35520.00"
1,"IT4Logs",40,"S00040",50,"Crédit agricole Payment services","Ferreyros 376",NULL,"Ancón","15123",1164,"Lima",173,"{""en_US"": ""Peru"", ""fr_FR"": ""Pérou""}",42,"Moïse",35,"Parametrage logiciel",45,"PL-4","Parametrage logiciel","[PL-4] Parametrage logiciel EchoSovereign-1",5,"Services","BRO","Brouillon","2025-03-28 00:46:53.691379","2025-03-28 00:44:34","20000.00","24000.00"
1,"IT4Logs",39,"S00039",50,"Crédit agricole Payment services","Ferreyros 376",NULL,"Ancón","15123",1164,"Lima",173,"{""en_US"": ""Peru"", ""fr_FR"": ""Pérou""}",42,"Moïse",33,"Reprise de donnée",43,"RDD-2","Reprise de donnée","[RDD-2] Reprise de donnée SysIPHE-2",5,"Services","BRO","Brouillon","2025-03-28 00:43:27.847421","2025-03-28 00:43:27","7200.00","8640.00"
1,"IT4Logs",39,"S00039",50,"Crédit agricole Payment services","Ferreyros 376",NULL,"Ancón","15123",1164,"Lima",173,"{""en_US"": ""Peru"", ""fr_FR"": ""Pérou""}",42,"Moïse",33,"Reprise de donnée",43,"RDD-2","Reprise de donnée","[RDD-2] Reprise de donnée SysIPHE-1",5,"Services","BRO","Brouillon","2025-03-28 00:43:27.847421","2025-03-28 00:43:27","6600.00","7920.00"
1,"IT4Logs",39,"S00039",50,"Crédit agricole Payment services","Ferreyros 376",NULL,"Ancón","15123",1164,"Lima",173,"{""en_US"": ""Peru"", ""fr_FR"": ""Pérou""}",42,"Moïse",33,"Reprise de donnée",43,"RDD-2","Reprise de donnée","[RDD-2] Reprise de donnée SysIPHE-3",5,"Services","BRO","Brouillon","2025-03-28 00:43:27.847421","2025-03-28 00:43:27","8400.00","10080.00"
1,"IT4Logs",38,"S00038",50,"Crédit agricole Payment services","Ferreyros 376",NULL,"Ancón","15123",1164,"Lima",173,"{""en_US"": ""Peru"", ""fr_FR"": ""Pérou""}",42,"Moïse",33,"Reprise de donnée",43,"RDD-2","Reprise de donnée","[RDD-2] Reprise de donnée EchoSovereign-3",5,"Services","BRO","Brouillon","2025-03-28 00:42:51.109551","2025-03-28 00:39:04","9000.00","10800.00"
1,"IT4Logs",38,"S00038",50,"Crédit agricole Payment services","Ferreyros 376",NULL,"Ancón","15123",1164,"Lima",173,"{""en_US"": ""Peru"", ""fr_FR"": ""Pérou""}",42,"Moïse",33,"Reprise de donnée",43,"RDD-2","Reprise de donnée","[RDD-2] Reprise de donnée EchoSovereign-1",5,"Services","BRO","Brouillon","2025-03-28 00:42:51.109551","2025-03-28 00:39:04","6600.00","7920.00"
1,"IT4Logs",38,"S00038",50,"Crédit agricole Payment services","Ferreyros 376",NULL,"Ancón","15123",1164,"Lima",173,"{""en_US"": ""Peru"", ""fr_FR"": ""Pérou""}",42,"Moïse",33,"Reprise de donnée",43,"RDD-2","Reprise de donnée","[RDD-2] Reprise de donnée EchoSovereign-2",5,"Services","BRO","Brouillon","2025-03-28 00:42:51.109551","2025-03-28 00:39:04","6000.00","7200.00"
1,"IT4Logs",37,"S00037",50,"Crédit agricole Payment services","Ferreyros 376",NULL,"Ancón","15123",1164,"Lima",173,"{""en_US"": ""Peru"", ""fr_FR"": ""Pérou""}",42,"Moïse",31,"Déploiement logiciel",41,"DPL-1","Déploiement logiciel","[DPL-1] Déploiement logiciel EchoSovereign-2",5,"Services","BRO","Brouillon","2025-03-28 00:39:02.934021","2025-03-28 00:37:38","2100.00","2520.00"
1,"IT4Logs",37,"S00037",50,"Crédit agricole Payment services","Ferreyros 376",NULL,"Ancón","15123",1164,"Lima",173,"{""en_US"": ""Peru"", ""fr_FR"": ""Pérou""}",42,"Moïse",31,"Déploiement logiciel",41,"DPL-1","Déploiement logiciel","[DPL-1] Déploiement logiciel EchoSovereign-1",5,"Services","BRO","Brouillon","2025-03-28 00:39:02.934021","2025-03-28 00:37:38","2100.00","2520.00"
1,"IT4Logs",36,"S00036",50,"Crédit agricole Payment services","Ferreyros 376",NULL,"Ancón","15123",1164,"Lima",173,"{""en_US"": ""Peru"", ""fr_FR"": ""Pérou""}",42,"Moïse",31,"Déploiement logiciel",41,"DPL-1","Déploiement logiciel","[DPL-1] Déploiement logiciel SysIPHE-2",5,"Services","BRO","Brouillon","2025-03-28 00:37:31.67328","2025-03-28 00:34:28","700.00","840.00"
1,"IT4Logs",36,"S00036",50,"Crédit agricole Payment services","Ferreyros 376",NULL,"Ancón","15123",1164,"Lima",173,"{""en_US"": ""Peru"", ""fr_FR"": ""Pérou""}",42,"Moïse",31,"Déploiement logiciel",41,"DPL-1","Déploiement logiciel","[DPL-1] Déploiement logiciel SysIPHE-1",5,"Services","BRO","Brouillon","2025-03-28 00:37:31.67328","2025-03-28 00:34:28","1400.00","1680.00"
1,"IT4Logs",35,"S00035",50,"Crédit agricole Payment services","Ferreyros 376",NULL,"Ancón","15123",1164,"Lima",173,"{""en_US"": ""Peru"", ""fr_FR"": ""Pérou""}",42,"Moïse",30,"Licence annuelle",40,"LA-3","Licence annuelle","[LA-3] Licence EchoSovereign
",10,"All / Saleable / license","BRO","Brouillon","2025-03-28 00:34:19.872248","2025-04-02 07:29:40","40.00","48.00"
1,"IT4Logs",34,"S00034",50,"Crédit agricole Payment services","Ferreyros 376",NULL,"Ancón","15123",1164,"Lima",173,"{""en_US"": ""Peru"", ""fr_FR"": ""Pérou""}",42,"Moïse",30,"Licence annuelle",40,"LA-3","Licence annuelle","Licence SysIPHE",10,"All / Saleable / license","BRO","Brouillon","2025-03-28 00:32:31.913984","2025-03-28 00:59:18","80.00","96.00"
